id,text,polarity
9f5c7536,Recorriendo el #CampNou🏟 https://t.co/ZKZ1ERaiZS,Neutral
8e59cbaa,@FCBarcelona fera desde pequeno😲😲,Neutral
a2c38968,@sport Y el barca que haria sin Messi????? Ni rotaciones le pueden dar.,Negative
51cf6477,Please RT!! #barcelona #fcbarcelona #Barca #fcb    Los titulares habituales en el Barça ya piensan en el... https://t.co/XT4bUcoqqI https://t.co/euEbdIPb8Y,Neutral
2a1bb2a5,"@NostradamusFCB Si parce que miedo, sólo el barca o el city serían capaces de pararlos, esos desgraciados nacieron pa jugar la champions",Neutral
7c2deb3b,@Matt_Santangelo Mino= No Barca.,Neutral
55a8dfe9,Pero cuando dicen que os ganará el Barça acaba pasando..🔵🔴 https://t.co/FZWpY4tyW2,Neutral
c67c8f81,"@RoussGame Te as enterado que an robado en la tienda del atleti
Creo que era la tienda. 
La verdad que hay poca vigilancia en vuestro estadio 
Y mañana tener cuidadito que e visto videos de los ultras rusos de mañana y son como los de bilbao",Negative
5c5d618c,"Qué maravilla que este chico tocado por Dios, juegue en el Barça! Toda la historia que ha hecho Leo y toda la que le falta! EL MEJOR DE LA HISTORIA! https://t.co/WwnQZBVNvX",Positive
1894c5a1,@natxinho @jorgeneo @F_Reymundo totalmente! Aquí solo tiene favores arbitrales el Barça! Son así de cutres.... lo de la ida hace q el baño de ayer sea posible,Negative
32b44cd7,@AS_Manolete Hombre soy del Barça y espero que el Barça pase pero de momento de el Barça no está clasificado,Neutral
c5e21813,@diarioas Ni aunque ganen pueden vivir sin el Barça  jajajajja,Neutral
81378a55,"Con todo respeto, no le veo mucho sentido a estos partidos, solo espero que no haya lesionados y que sirva para que se fogueen los jugadores del #Barça B. Y el resultado es lo de menos.🔴🔵 https://t.co/nu5tiGT1yl",Neutral
7882c517,"@ALEX15vs @FCBarcelona_es @FCBarcelona El va por todos los récords de su estilo de futbol en lo que juegue, no importa si es en, el campeonato del jardín de infantes, la rompe!, el patán haciendo historia.",Neutral
fc6fda2d,@ngomez9 @FirmaEspn @EJerezESPN @kenneth_garay @vikingomartell Ahora el psg es paquete. Pobre ignorante. Cuando el Barça perdió 3-0 ha esque nos toco el psg y sin neymar. Ahora q el Madrid lo elimino es un paquete de equipo. Ser aficionado a muerte es admirable pero ser tonto y no aceptar las cosas es risible.,Negative
3fc87e2e,"¡DE PIE DAMAS Y CABALLEROS! 💃🕴👏
#HOY se cumplen 17 años del debut oficial de Leo #Messi con el Infantil ""B"" del... https://t.co/kytx0qL8mP",Positive
41ef5e67,@jotajordi13 Si..pero la liga y la copa os comeis un mojon como una catedral y cuando os coja el barça...set en blanco😂😂😂😂😂,Negative
42aa2837,"Andrés Iniesta, a toda máquina para llegar al Barça-Chelsea https://t.co/35XnHX7uTM  #fcb #fcblive #barca https://t.co/3jUKhgo0vM",Neutral
590e31bc,"Deportes Cuatro: SOIS UNA MIERDA

Están tachando de vergonzoso hasta las bengalas encendidas fuera del estadio y cánticos vs Madrid.

Cuando Atleti o Madrid hacen los mismos recibimientos no dicen nada, LO CONTRARIO.

Y esos cánticos se hacen en todos los campos de España.",Negative
dfbfbf2f,"⚽️🇪🇸| Barça

El partido de 'Dinho' ese día, fue de los que hacen época. Repaso de él solito a todo el Real Madrid. Inolvidable. 
Ronaldinho. 
😁🤙🏼🇧🇷🎶

#FCBlive #Barça #ForçaBarça #FCBarcelona #LaLiga #ElClásico ⚽️🔴🔵

Vía 📎FCBarcelona_es 

https://t.co/bOfn5BSvIq",Positive
5c656a87,"@TOTWprediccion No crees que despues de ganar al Barça (y empatar), ganar al Madrid y ganar al Atleti en el espanyol nos merecemos algun IF?",Neutral
3640f1dc,"@BorregaF Lo que quiero decir es q esto va según la competición que dispute el Madrid , es más ese año el Barça ganó liga y champions y la copa rey fue más importante que lo q gano el Barcelona",Neutral
da5b9b1a,"Por eso el Barça le suele hacer mucho daño, Messi lee esos espacios de maravilla y recibir en ese espacio un balón en juego posicionar es mortal. https://t.co/qmzmb8lIBU",Neutral
43c66ae0,"¡TREMENDO! 🙌 La brutal exhibición de Koke en el rondo del entrenamiento. 💥⚽
#Atleti #UEL ➡️ https://t.co/QXtAAzb9Px https://t.co/971sGBX6GJ",Positive
1f103e4b,"Que venga Arthur me tiene más emocionado que cualquier otro fichaje que llegue, más que Griezmann. Es perfecto para nuestro juego más las ganas que tiene de jugar ya en el Barça 🔵🔴",Positive
2b34cc39,#Atlético Unos 1.300 efectivos velarán por la seguridad en el Atlético-Lokomotiv https://t.co/ArqUDqNgAM https://t.co/UZTzqLihZ2,Neutral
1dcc467e,@LVPibai @cojoneslml De camino al Barça-Espanyol.,Neutral
6a47c338,"Ricca y Chory Castro, a punto para recibir al Barça | Mundo Deportivo https://t.co/Rw2H4oNveR",Neutral
67ccb185,#OBSTÁCULO nivel ROJO en #A8 (pk 115) BILBAO #DGTBizkaia #DGT https://t.co/jKY7wSszNk,Neutral
04f88954,@Messivomita_ POR CIERTO AHORA QUIEN ES EL QUE JUEGA CONTRA 10 ME PARECE QUE LOS QUE SE QUEJABAN QUE EL BARCA JUGABA CONTRA 10 SE TIENEN QUE COMER SUS PALABRAS. EL AÑO PASADO BAYERN (2 VECES) Y AHORA PSG. https://t.co/1jdPAq6TVq,Negative
4f28f9fc,@eSports_Barca @MakitaCR Md por favor,Neutral
9cd47d6d,"@EduRS23 @Chapin_Cule No compares al atlético con el Barça, nosotros somos incapaces de ir a meter autobuses y jugar la mierda que propone el cholo. Esa liga que hablas te la regaló Mateu Lahoz.",Negative
809b8b98,Hoy es un muy buen día para darse un paseíto con la camiseta del Barça por París!,Positive
9c05fcc5,@nacholopez79 @Futbol_Flchaje @Futbool_Cracks Messi sabe que sin el barca no es nadie. No tuvo ni tendra cojones de dejar el barca y demostrar algo en otro equipo.,Negative
f1387500,"🏠 PSG: ⚽️
✈️ PSG: ⚽️⚽️
🏠 BVB: ⚽️
✈️ Apoel: ⚽️⚽️
✈️ Spurs: ⚽️
🏠 Spurs: ⚽️
✈️ BVB: ⚽️⚽️
🏠 Apoel: ⚽️⚽️
🏆 Juve: ⚽️⚽️
✈️ Atleti: ❌
🏠 Atleti: ⚽️⚽️⚽️
🏠 Bayern: ⚽️⚽️⚽️
✈️ Bayern: ⚽️⚽️ https://t.co/7hwegYqdj5",Neutral
48443acb,"@AS_Manolete Jajaja pero no era el PSG el miura? Y el año pasado el Bayern, la Juve o tu Atleti? A ver si va a resultar que el miura es el Madrid. En el extranjero nadie quiere al Madrid en el sorteo. Suerte con tu antimadridismo lo superarás. Bebe mucha agua no lo olvides.",Negative
eece5291,@MahouSanMiguel @HelenaNeninson Si.  Bueno hay un término medio q últimamente es muy utilizado.  Y un penalti que es ? Aparte de lo que nunca le pintan al Barça,Negative
fd1ef580,"@el_joven_tob @20m @Atleti no, se llevaron la copa del mundo del 74 que es mas importante que la de europa",Neutral
c26f6498,El 🎥 y las 📷 del entrenamiento de este miércoles #ForçaBarça https://t.co/P8Bojcv1Ii,Neutral
f061dc50,Alguien de Barcelona sabe de alguien que tenga/venda pases o entradas(2 personas) para el Barça-Leganés el día 8 de Abril? Agradezco cualquier info o ayuda!,Neutral
fdb50e86,"""Leíto, vení. No le saques tan rápido el pie a la pelota, porque si no ella no sabe lo que vos querés” https://t.co/kS5n4Y4u7p #Messi #Maradona #SeleccionArgentina https://t.co/GdALKBxTPr",Neutral
41cf074e,¿ALABA EN EL OJO DEL BARÇA?|HAZARD QUIERE IRSE DEL CHELSEA EN VERANO!!|EMERY SERÁ DESPEDIDO!!: https://t.co/1kER6mUnNn via @YouTube,Neutral
7045b693,"Qué poco profesional el gentuzo de Guardiola. Entrena al City pero siempre anda diciendo que si el Barça esto el Barça lo otro, Messi esto Messi lo otro. Tío cansino y pedante de los cojones, mira por tu equipo y deja de lamerle la cola al Barça",Negative
91470f8e,"Si el Barça hubiese fichado a Verratti, a lo mejor el PSG hubiese terminado con 11 y quien sabe...
😂😂😂😂😂😂😂😂😂😂 https://t.co/7BbVyog4pk",Neutral
b40064d6,"Mascherano: ""No me arrepiento de irme del Barça"" https://t.co/1NQD826ghZ",Neutral
15c99169,"@darf_14 Ahora hay una campaña por defender a André de como si fuera el mismo Xavi. ¡Por favor! Que se largue. No es un jugador para el Barça. Eventualmente anotará, o le dará una asistencia a Messi. Pero seguro hay algo mejor por la mitad de lo que él costó, o echar mano de la Masía.",Negative
4f53b77c,@jorgeshrug Me has visto alguna vez celebrando la realmadrididación extrema que está experimentando el Barça desde la llegada del puto mafias Rosell y su numero dos Nobita?,Negative
a5eb5b21,"Cuando Pep estuvo en el barça ganando de todo se buscó minimizar todo lo que hizo, e incluso hoy día se sigue haciendo... Hay que tener huevos para decir que se busca minimizar lo que hace el Madrid. https://t.co/7RmKcjvibL",Negative
24df7cf3,Si jugamos como contra el Barca al villareal le ganamos🙏💛💙,Positive
fe499c7c,Hoy hace 17 años que cambio la historia del futbol...#Messi disputo su primer partido con el equipo de su vida #FCBarcelona https://t.co/YxuzcaNjtv,Positive
669cae54,Please RT!! #atleti #atletico #ATM  Atlético de Madrid - Lokomotiv Moscú: Horario y dónde ver el partido. https://t.co/dKeC8zOBYW https://t.co/v1UlHUmuaG,Neutral
6a2f59d8,"@EASPORTSEsp No crees que despues de ganar al Barça (y empatar), ganar al Madrid y ganar al Atleti en el espanyol nos merecemos algun IF?",Negative
4ce5e1bc,@eDu_Mister @RCCelta @Atleti jajaja dejemoslo  en un 1-1 jaajaja bueno old trafford es la leche eh 😅,Positive
bfe3ca6d,"@SpheraSports ⚽ Lionel Messi 
🗣 Johan Cruyff 
✍ Jesús Gil 
🎫 Maracaná 
🎽 la del centenario del Barça",Neutral
a3d186ed,@jotajordi13 Jajajajajaja y yo veo a un imbecil que nunca verá a su barca mierda con 12 champions,Negative
d4446106,"@Calieiro @LaLiga @LeaguePremierBR Correcto, Mbappe jugara en Madrid-Barça o el que no este mas arriba en Inglaterra. En el Madrid le ofrecian sueldo similar al psg segun habia leido y si se fue ahi es xq es joven e iba jugar todo y estaba en su país. En el Madrid no se lo aseguraban. Tiempo al tiempo.",Neutral
4db7a72e,@joosete10 @DjMaRiiO_90 @LordbzB Yo igual 5 semestre de ingeniería :v 100% del barca y de messi jajajajaja no le ha dado ni a una,Neutral
9a9dff04,¿Eres fanático #Messi? Carlos Erick Malpica Flores nos cuenta sobre la casa familiar con forma de balón de este crack https://t.co/mUKL8V79Zf https://t.co/8mYkkePKD2,Neutral
fb4b4445,@diarioas Hahaha los madridistas no lo querían antes en el Barça ahora en e psg que tiene q fichar por el madrid y si saliera Neymar a decir que el no quiere ir al madrid hahah todos estos mismos van a decir teatrero no lo queremos en el madrid 😂😂😂HIPOCRITAS,Negative
6a6f62e7,"@saracsanchezp @victoramaya @infocracia Totalmente de acuerdo contigo. Cual sociedad civil? El mismo grupo de borregos apoyando a líderes politicos que han entregado el pais. Como decian mis abuelos""la misma barca atravesando diferentes ríos""",Neutral
06d01b85,@ALEX15vs @FCBarcelona_es @FCBarcelona La última moda en pijamas. 😂,Neutral
eccd648f,@FutSinC Eso parece el barca ya,Negative
dab2d48b,Barça y Espanyol luchan por adelantarse en el palmarés de la Supercopa de Catalunya https://t.co/6cdgsOlx8k,Neutral
2ae3e540,Hoy juega el barca so ese culito que le guste el fútbol también jaja https://t.co/Eo4j16FDa3,Positive
cc0cc5ad,"@partidazocope @RodrigoFaez Y el Puta Barça, puta Cataluña o Messi subnormal que ?
Eso si se puede cantar no ????
A la mierda coño !!!!!",Negative
988a3d0d,La mejor decisión del #Barça fue dejar salir a #Alvés al #PSG. Partido lamentable y lo que parece claro es que su siguiente paso será #China para sacarle el máximo rendimiento económico a la recta final.,Negative
f80c9b6e,"Alberto, casi 17 años, es del Atleti y me manda una foto poniendo hala madrid👏 @AlbertM294",Neutral
04f21be3,"@AndresBlanco73 Una vez más, pero Zidane lo prefiere, no confía en el que anotó el gol que decidió la décima, en el que dejó a Bartra detenido en el tiempo para darle otra Copa del Rey al Madrid ante el Barça, en el que le dio el pase a la final de Milan con el único gol ante el Man City",Negative
829ca046,Roban en la tienda oficial del @Atleti empotrando un coche en el escaparate https://t.co/4rMzwlbqgq,Neutral
fbbec2a1,"@SpheraSports /// #Sp_Ask /// 
⚽️Kiko Narváez @KikoNarvaez19
🗣Luis Aragones
✍🏻Vicente Calderón
🎫 Vicente Calderón
🎽 Atleti Puma años 80",Neutral
da19a068,Mucho Barça y femenino. Como me gusta aprender cosas nuevas. Moltes gràcies.🤩 Entrevista a Jordi Mestre.👉🏻 https://t.co/BM1nBcf9wM https://t.co/MaLoOhoSGZ,Positive
0183d6d0,Please RT!! #atleti #atletico #ATM  Se espera buena entrada pero aún hay 8.000 entradas disponibles https://t.co/4jJf3fFCYH https://t.co/cRMZVvsTZe,Neutral
32530eef,"@diablillocule14 @InvictosSomos Me queda claro que tienes retraso. Disfruta campeón, los jugadores del barca son clase mundial y en ese tiempo, eran los mejores del mundo. Ve la diferencia acá uno acepta y reconoce y tu, pues actúas como el subnormak que eres ajjajaja jajajaj “escoria blanca” deja de llorar🤣🤣",Negative
9778b594,"Barcelona 1-0 Atlético de Madrid| ""El Atleti ha desaprovechado una gran oportunidad"" | Diario AS https://t.co/oUM06DnEyL",Neutral
69c3ae50,@MadridSports_ @Jserranomarin @AlvaroBenitoV Este PSG es tan malo como el del año pasado que el Barça le metio 6,Negative
27a4dea6,"No me gusta como juega, y no creo que futbolísticamente tenga el nivel para el Barça, pero como deportista vale mucho más que ""estrellas"" como Suárez. https://t.co/AaHv2syF2b",Neutral
cf93fa3e,@neymarjr Te has dado cuenta de que hace falta que te vayas estes tu para competir vente a la liga española al equipo que mas te guste te querran y si irte del barsa era por ser el mejor era lo que el barça tenia en mente cuando terminara la era messi seria la neymar igual que pasocondinho,Neutral
8c38d318,"@tore_rito @gaspi19761 @FCBarcelona_es @realmadrid @Simeone @Atleti @manuelbriasbarr @Pepepasques @vanpiuroboros Coño....pues yo con el chino,y el judío,pensaba que íbamos aspirar a fichajes medios buenos.",Negative
bee621f4,"Vitolo, 28 años, Con experiencia al máximo nivel tanto nacional como internacional no juega tanto en el Atleti. Todo normal, debe adaptarse al atleti.. Ceballos, 21 años, apenas una temporada al máximo nivel, no juega tanto en el Madrid. Zidane cabrón e injusto con el chaval...",Negative
3077ce23,"@ociregul @scastle1977 A mí no me da vergüenza que sea del Atleti, me da vergüenza ajena él... Pobre diablo",Negative
8bfd4348,"No soy Madridista, le voy al Barça (ojo y no es que soy el maaaas futbolero), pero entre meses de análisis y mi trabajo nuevo (que tiene una sección heavy de deportes) llegué a la conclusión (muy a mi pesar) de que si, Cristiano Ronaldo es el mejor jugador del mundo.",Positive
cb4a3ce3,@EstedeRacing No me digas que te ofendió mi comentario al barça 👀👀👀,Negative
82c341f1,El #FCBarcelona anuncia su llegada al mundo de los #eSports. #konami #eFootballPro  🎮🎮🎮 https://t.co/lp1GgQ7RbE,Neutral
49d8c1af,"@jotajordi13 @Atleti Si fuesen vuestro único rival.. no recordarías a nadie más..  ¿no?

Lleváis varios años tragando.. Y vais a tragar siempre..",Negative
7f29a04a,"@Jgsantosr Es cierto, sí. Tb hubo silencio en el Barca Atlético",Neutral
4d058c72,"Se que este año me va a ir mal porque en época de parciales ni bola al estudio solo #Mundial y #Messi ,⚽️😍",Positive
1759e295,"Es la misma historia de siempre. Esta eliminatoria la hace el Barça y hoy loa medios abrirían con la expulsión de Mbappe, el atraco de la ida, el gol de rebote de Busi y el ridículo del PSG. Como ha sido el Madrid, se habla de exhibición y grandeza, aunque no hayan existido.",Negative
da2680ac,re imaginaria su liga aguante el BARÇA hdp https://t.co/KuN22l7WUY,Neutral
8e745553,"Mierda! Ya tienen excusa para vender jugadores y no fichar a nadie.
@Atleti 
Hijos de puta https://t.co/QLimVFhUCV",Negative
2639509d,"@AS_Manolete En la Juve, estuvo de vacaciones, cedido por el Barça.",Neutral
13d2fa6d,@antimadridiota @_Moroncito_ Solo te falta decir que el Barça mereció ganar la Champions 😂,Negative
d145b5d8,"@a_ginola qualsevol que no sigui l'atletico a una final!!!! crec que el madrid esta a un nivell mental tant alt en aquesta competició, que l'unic que el pot fer dubtar es el barça",Positive
7d048bf7,"@PasionReal12 Tú educación es la típica de una 'persona' difícil de tratar, y los malos son los ultras del PSG.......... ah no soy ni del barca ni del Madrid, por suerte",Negative
153b25d0,Oye @neymarjr no decías que te fuiste del barca porque creías que en el psg estaban los mejores? Pues eliminados en octavos y encima pintándole la cara a esos que decias que eran mejores es poesia,Negative
e04218a7,"Hace 17 años, Messi por primera vez se puso la playera del Barça https://t.co/YQii2GPvuY",Neutral
84ad48df,@vrpcarrillo Jajaja pero contra su padre el Barça si no hace nada porque se caga al ver a Messi va jajajajaja,Negative
266c1c68,"Deportes Cuatro hoy y Maldini ayer dicen que la referencia y el jugador a seguir en el Lokomotiv de Moscú es Manuel Fernández. Sí, ese por el que el #ValenciaCF pagó 18 kilazos y le faltaban bolsillos en los pantalones. Visita mañana al #Atleti",Neutral
f2339cff,"@treska33 Por favor, insultas mas a los culés diciendo q el pedrerol el del Barça q diciendonos culerdos... todos sabemos q el veletrol es mas mandril q su florentineza",Neutral
412892f8,"#City, #Barça, #Juve o #Tottenham quedan en la lucha y desde luego el #Madrid no debe soñar con más chollos como el #PSG y que ahora le tocará un auténtico miura para ganar la #Champions.",Neutral
f179c9da,Ay Manolete... Alves se fue del Barça a la Juve y al año siguiente al PSG... https://t.co/peZiAF7Evp,Neutral
0fa5d9db,@AlbertoCuellarr @AlbertortegaES2 Como va el Atleti del Cholo en la Liga 123?esta metido en zona de play-off  o merodea el descenso a Segunda B?,Negative
17dbc25c,@orgullo_capitan @2010MisterChip Villa cuenta como culé? La Euro la ganó siendo del Valencia y el Mundial aún no había debutado con el Barça xd.,Neutral
a3dde401,¡Me voy a ver un partidazo! ¡Participa ahora con #FútbolVipAppMiVodafone y gana 2 entradas VIP para el derbi entre el Real Madrid y el Atleti!  https://t.co/2kfjgOQz6J,Positive
43031e1f,Después de multar al #Barça por la exhibición pacifica de banderas... ¿Se atreverá la #UEFA a cerrar el Parque de los Príncipes? https://t.co/XIdqUGUwve https://t.co/BGpLZIXSfF,Neutral
ac3fec71,"@mariaguilas Jaja ni yo, al revés yo apoyo al fútbol en general y al femenino en especial, yo he entendido sus quejas por el calendario que pone la liga, el lo suelta en plan, favorece a algunos y al Barça siempre es el desfavorecido. Un besito y ME DEBES UN TÉ jajaj 😜",Positive
8205cf5e,Todo el mundo discutiendo por qué no deberíamos de ir (los hombres) a la huelga a favor de los derechos de la mujer de mañana y yo con ganas de ir a ver mañana el Atleti.,Negative
800ef301,"BOTA NEW BALANCE VISARO 2.0 MID LEVEL FG

Precio:47,95  -60% ANTES: 119'95 €

🔵 Las puedes encontrar aquí &gt;&gt; https://t.co/5huDvQNpme

#futbol #new #realmadrid #fcbarcelona #barca #valencia #bilbao #coruña #leganes #canaria #laspalmas #malaga https://t.co/XLUAQzyv85",Neutral
0884693e,"@ALEX15vs @FCBarcelona_es @FCBarcelona Bueno enhorabuena ramos, ya eres oficialmente el cerdito del fútbol español, ha! y a nivel europeo! ahora toca ha nivel mundial! Animo cerdin!!!",Neutral
c1e3d448,https://t.co/6670JwUNwQ,Neutral
59e1444b,@AS_Manolete Ahora el PSG era un chollo????? Que pena dais. Chollo el que tiene el Barça con el Patetico como perseguidor. Anda y seguid jugando la Patetic League,Negative
02b69496,"@kevincd90 Casi todo, pero igual pasó el domingo con el barça, tendemos a buscar la parte negativa en lugar de alabar lo positivo.",Neutral
27f368b8,Please RT!! #atleti #atletico #ATM  Inter de Milán y Roma pujarán por el fichaje de Vrsaljko https://t.co/rvm270Y4Qy https://t.co/3Lat2Z2RQY,Neutral
6ec28282,@SirDave_ @babyidontneeddo @AstroAndaSuelto @As_TomasRoncero Y 2014? No hablemos de ayudas arbitrales que la famosa remonta del barça al psg telita co  2 penaltis que sólo vio el árbitro y lo 6 penaltis que no pito obrevo en stamford bridge ah no espera que eso no cuenta no? Cállate gilipollas!!!,Negative
8eb20de1,@kroosic @InvictosSomos Anillos únicos nefastos sois la escoria blanca que de fútbol sólo saben robar jajajjajaja fíjate si dais pena que el único mundial que as visto lo tuvieron que ganar jugadores del Barça jajajjaja a así de penosos sois escoria,Negative
3e27f088,"@blasradio Para este Madrid, favorito como el que más, independientemente de como vaya en liga, el peor rival posible es el Barça a doble partido (no a uno) y la falta de antídoto para parar a Messi en el Bernabéu. Ni en el mejor momento de Zidane (abril-mayo 2016), pudo hacerlo.",Neutral
d3895ef4,"El Barça fue a por Verratti y a por di Maria. Después de lo de ayer, menos mal que no cerraron nada",Positive
508fc062,@ESPNDatos @FCBarcelona En la historia del club y la liga....😊,Positive
9ab4529c,@Alexmarko88 @ArielRizo11 Si no ganó el balón de oro estando en el Barça que ya no espere ganarlo.,Neutral
f08710f2,@DerWolf1979 @faka_rey @oscarsangui Por eso digo...el Real y el Manchester tienen menos socios que el Barca y que varios...Pueden tener el mercado chino a favor eso si.,Neutral
c7c4ab17,"Hoy se cumplen 17 años del debut de Lionel #Messi con el equipo juvenil del @FCBarcelona.

Ahora es el máximo goleador en la historia del club. https://t.co/jHfEqmM5ok",Positive
bf1da538,"@diablillocule14 @InvictosSomos Jajajaja no te enojes campeón, solo eres un aficionado más -nefasto- del barca JAJAJJAJAJA en vez de reconocer , el buen fútbol chaval, sigue enajenado Diablo Cule JAJAJAJA",Negative
5329f9a6,#UCL Al inicio de la competición intercambiaban posición en cuanto al valor de sus plantillas los dos equipos con más presupuesto del mundo: @realmadrid y @FCBarcelona. El @PSG_inside era noveno.,Neutral
82d0a64a,"A 2 años de su ida, después de echar al Barça de la Champions el año pasado con partidazo y llegando a la final, tu valoración es claramente objetiva🙄 https://t.co/foOuz9o0oh",Negative
cd9cd974,@bet365_es Barça vs Madrid sin duda.,Neutral
29cfbf9a,"@ruben4roses_atm @imaetxega Iba por el personaje que retuiteas, pero el atleti en Gaitánes, Víetos, Costas y eso no gasta. Mejor fijarse en CR y Bale que los ficharon hace...que en Asensio, Lucas, Carva y cía. Lo típico vamos",Negative
31167ecf,"El problema no es que se clasifiquen, el problema es que lo haga sin un brillo especial y al día siguiente los principales medios del país, los que marcan la opinión de la masa, le dediquen más elogios que al Barça en toda la temporada porque no juega “bien” (invicto en Liga).",Negative
964c01eb,@marcmarquez93 @3gerardpique @SergiRoberto10 @JordiAlba @miguelruizfcb @SChecoPerez @FCBarcelona Si pagárais las deudas.....? Tendremos los Españoles aseguradas las pensiones. Viva España.,Negative
655e133f,@DValdearenas12 Soy del Barça pero eres un cuñaooooooooo,Neutral
6d5a0088,"@JoseAngelOzil @PSG_espanol @FCBarcelona_es Yo soy antimadridista no anti psg, ni Neymar ni nada, hay que ir en contra del madrid para todo, tenga delante a quien tenga, Neymar lo dejo todo por el Barça sus años aqui, decidio irse pues allá el, es su problema pero es que por eso no voy a animar al Madrid, es que en la vida",Negative
e241600c,@Torren__ Y mientras tanto 3l Atleti jugando la Europa League,Neutral
d600a264,@davogarsa @gabrielviveros les contaras algún día a tus nietos que viviste la era de este fenómeno! #messi https://t.co/dMNTIeu0DI,Positive
be768dc1,@santicanizares O siempre que cada jugador del Barça no tape los nuevos huecos de la barrera que dejen los jugadores del Atlético no?,Negative
34e4c66a,Fantasma en directo de @DjMaRiiO_90  con la camiseta del Barça :v https://t.co/jShim8Bplv,Negative
de330e02,"@jmdelalamo No me gusta el futbol, y el Barça tampoco. Pero pregunto: porque son todo hombres? No debería de haber equipos 50/50? Espera...y los LGTB? ...25/25/25/25? Espera....y animales? Vamos, no se...",Negative
314d06a6,"@ElGolazoDeGol Que os pasa?, el Madrid no tuvo ningun merito o que ? ,,,que hace un fanático del barça valorando el partido ? , pandilla de culés todos ...",Negative
c66248cc,Please RT!! #atleti #atletico #ATM  El Atlético ?presenta? a Costa en Europa League para saldar su ?deuda? https://t.co/MRv8WnLf1z https://t.co/rqy0Jjk6oT,Neutral
f153e0d4,"Para ser del Barça @jpedrerol cuando éste gana nunca le dedicas mas de 5min en tu programa de ""periodismo deportivo"".. Ah! pero cuando pierde te frotas las manos para poner a parir a Messi #JUGONES",Negative
dfb7263b,Sesión preparatoria en la Ciudad Deportiva https://t.co/S2tQxMfzev  #barça #FCB #noticiasFCB https://t.co/dPqDhG58QB,Neutral
004b3736,@JJ_NG81 @blasradio Creo que el Barça es el peor rival posible para el Madrid a dos partidos. Pero diría que también a uno lo es. ¿Por qué crees que no?,Neutral
4e8356fd,"¡Nación! ¿Qué hacías en 2001?

Messi se ponía la playera del @FCBarcelona por primera vez

🔵🔴

https://t.co/hqJV4rsal6 https://t.co/YH93okp7pL",Positive
6e182e31,@adieelc ese cb desde que estaba en el Barça no sirve,Negative
149e2a3f,"@marcmarquez93 @3gerardpique @SergiRoberto10 @JordiAlba @miguelruizfcb @SChecoPerez @FCBarcelona Te puedes ir a tomar por culo. . As perdido todo mi respeto .yo te he respetado como catalán.!!Tu no, como Antimadridista",Negative
e34fea69,"#UCL En definitiva, que anoche se cumplió el pronóstico lógico. Un equipo muy rico (no la historia) eliminó a otro (-) rico. Lógica que por suerte no se cumple siempre, porque entonces todas las temporadas tendríamos una final @realmadrid-@FCBarcelona.",Neutral
7d8682b7,( Atletico_md ) La brutal exhibición de Koke en el rondo del entrenamiento https://t.co/16wKDiElVd #Atleti,Positive
fed0a459,El técnico de la Premier al que no le halaga sonar para el Barça #20m https://t.co/xmuVGPRzar,Neutral
bfcfc5d0,#dilesquesevayan @Atleti,Negative
879c9b53,"🚫 'No me representan'

🇵🇹 ""No estuvo acertado, eso es cierto. Como no lo ha estado casi nunca en el año y medio que lleva en ‘Can Barça’""

✍️ Sobre @aftgomes, por @SergioMerino8

🔗https://t.co/MLOFZiiIUn https://t.co/7hcMpSfCeo",Negative
b2811fc1,@tjcope El Barça que se ha quitado de medio un cruce con Neymar.,Neutral
b35fe823,"@SinHmc No voy a entrar en discusiones ridículas de forofo...Está claro que el madrid ha gastado mucho dinero(no es un equipillo,se lo ha ganado)porque a mi lo q me gusta es el FÚTBOL,y reconozco cuando un equipo es bueno y juega bien(no me oiras decir a mi q el Barça de Pep era malo...)",Neutral
a954d856,Robo de 180 minutos cuando busca la palabra robo su sinónimo es el # Barca https://t.co/9oPnpjbObH,Negative
8e9b2e58,"Mira que soy del Barça pero es que ayer disfruté como un perro de la eliminación del PSG, todo lo malo que le pase a ese equipo es poco",Negative
f41d1658,Que suerte tienen los pierdas del real Madrid. Ojalá les elimine algún equipo malo. Ganan al psg y empatan contra equipos malísimos. @Atleti contigo hasta la muerte.@AntoGriezmann mejor jugador del mundo.,Negative
cc45b369,@LeoKawsar10 @SPN_Football Barca,Neutral
2de2d8cc,@AndresValenzGT jajaja cabal yo le voy al barça y juegan hasta la otra semana,Positive
132500d9,"EN VIVO: ""En la Barca de Pedro"", por la #933FM, sintonizarlo todos los miércoles de 11:00am a… https://t.co/1Qfmjbxm52",Neutral
17eddefa,@bet365_es Barça-Madrid y que ganase el Barça obviamente,Positive
1593da25,"Ya Dani Alves ve al Madrid y se caga encima el cabron, se lo ha clavao en el Barça, en la Juve y ahora en el PSG 😁",Neutral
6f80cf5e,El Real Madrid recibirá un nuevo escarmiento con la salida de Lucas Digne del FC Barcelona https://t.co/iwBkHhGRcK #barcelona https://t.co/LmHYqNxPwx,Negative
588944c3,"@imaetxega @AGUSRBB86 El atleti ese equipo de pueblo que se ha gastado 200 millones en un nuevo estadio, anda dejad a los mejores en champions cracks.",Negative
0638fa70,Please RT!! #barcelona #fcbarcelona #Barca #fcb    El FC Barcelona tiene un negocio redondo entre... https://t.co/PrHGWa1tQZ https://t.co/CaaykohFMn,Neutral
b4be9c49,"Me preparo el Curso de Socorrista Acuático de la Cruz Roja. Aprendemos desde primeros auxilios, manipulación DESA, hasta salvamento en medio acuático tanto en piscina como en playa y barca/lancha. Acabo el 7 de mayo, por si hay algún establecimiento que necesiten.
Muchas gracias",Positive
1c548173,"Víctor Claver, gustándose: El ala-pívot del Barça Lassa encuentra el camino libre hacia el aro y machaca plásticamente a una mano https://t.co/UCojKnj0qR",Neutral
ec27714d,Hace 17 años el mejor jugador del mundo hace su debut con él Barca infantil. Grande Messi!!!,Positive
1c8d0196,Piqué deja la nota positiva de la semana para Ernesto Valverde https://t.co/3wd23cP7Z8  #fcb #fcblive #barca https://t.co/NT9sbYQolX,Positive
484c6a70,(AS) Estrellan un coche en la tienda del Wanda y la desvalijan https://t.co/5lAanuvOYd #Atleti,Neutral
d56a9db2,17 años del debut de Messi con las categorías inferiores del Barça. Todo empezó ahí https://t.co/7m1rE3dnSK,Neutral
ec57d05b,"@sport Es en serio esto?  Hay que analizar un partido del Barsa sin Messi y uno del Madrid sin Cristiano,  el Madrid seguro funciona, el Barca se estanca.",Negative
e39c16ba,"@McNulty_RM Periodista del Atleti, normal que defienda la grada.",Neutral
a0170334,@DValdearenas12 Estamos pa hablar los del Barça majete,Neutral
855b4c6b,"@MadridistaDeBie @Alexmarko88 Parace chiste pero es la verdad, eso se lo recriminaba la gente del Barca y aún hoy en Paris.",Neutral
9f06bf20,Iniesta inicia su plan en la Ciutat Esportiva para llegar al Barça-Chelsea https://t.co/aC8MCrPQMC,Neutral
c3b7a200,El Barça Lassa deja casi vacía la enfermería https://t.co/3fv3gD3NJw,Neutral
3525f290,McGuane podría debutar con el Barça y convertirse en el segundo inglés… https://t.co/bIc2SHJ3xp Ver:... https://t.co/Ulab75W51I,Neutral
2325cf92,"@inakialvarez @realmadrid Nenas, que festejen cuando alcancen al barça en la liga mi príncipe, ya casi nos alcanzan",Negative
3da5c876,"@MarielyJv @VenezuelaCule @LuisOmarTapia Al final el City de Hoy nombre por nombre no es Barça de la época de Pep, es un equipo discreto en nombres que ha estado jugando muy bien en conjunto. La locura del mercado es la q hace ver esa nomina así, a parte q se busco excelentes suplentes.",Neutral
973fb826,"@victorgarciacr @GolDeGodin_ No has entendido a lo que me refiero, el madrid tiene dinero al igual que el Barça por el prestigio que se han ganado durante los años ganando y junto con las buenas gestiones. Por eso está empezando a tener bastante dinero el atléti ... cuanto más ganas más se invierte en ti",Neutral
0f7c30ce,"@AlfonsoSurezLpe @VictorLavinDPaz No conozco a nadie que sea del Barça y esté más pendiente, vea más partidos y escriba y opine tanto del Madrid como tú! Digno de estudio!!! 🤪😜🤪😜🤪😜 Ahora el PSG es una “banda”? 😱",Neutral
787a229c,@mamuelito198486 Ah y según vos ama al Madrid pero se va al Barça y al PSG antes. Muy lógico 😂,Negative
61660008,"@elGoldenGallo Este perro solo tiene 10 goles en liga, tres más que Paulinho que juega los últimos 20' de cada juego del Barça.

No mames, Manuel.",Negative
ba667332,"@Alex_Torres_15 @FCBarcelona Si te fijas, es el 2º equipo q más balones recupera en campo contrario (solo por detrás del Eibar). Presiona en bloque alto. Todos los equipos recuperan un mayor número de balones en su campo",Neutral
539e1153,"#DebateHDF
Real Madrid ed un pecho frío, cuando lo agarre el barcelona lo elimina de la champions, aguante el barca que tiene al mejor jugador del mundo, saludos desde uruguay, punta del este.",Neutral
4a5ab40e,Buah a mi me encantaría que el Barça fuera el rival que nos tocara para los cuartos la follada va a ser pequeña y si Juancar ya me puedes dar me gusta que te vas a enterar reza REZA para que no le toque el Barça al Madrid @juancarcalles,Neutral
4a7bd865,"Boca papá, sólo river pierde con el barca https://t.co/M5RLObjhps",Neutral
35e4c064,"Sobre el Lokomotiv, cómo llega a la eliminatoria contra el Atleti y toda la vuelta del fútbol a Rusia hablo en mi columna en @ug_football.

https://t.co/SrhezZaXKM",Neutral
ea7762df,"@SpheraSports ⚽️ David Villa
🗣 Pep Guardiola
✍️ Dimitri Piterman
🎫 El Molinon
🎽 Barça",Neutral
bbc061c3,"@FCBarcelona Tant catalans que dieu que sou!! Hauríeu de ser els primers en donar prestigi a la #SupercopaCAT jugant-la amb jugadors del primer equip. Sinó la voleu jugar, que la jugui el @GironaFC visca #rcde i visca #republicacatalana https://t.co/p76DZUQZnR",Neutral
0e9eb9ce,"@abc_es Eso ha sido obra del Dúo que dirige al @atleti, al ver el fracaso en las ventas de las camisetas con el logo",Negative
6b2b37dc,La 'rajada' de un ex objetivo del Barça sobre Emery y el jeque https://t.co/wBKn3UVrFd  #fcb #fcblive #barca https://t.co/CxEQh0CzEA,Negative
21ecc7a9,El Barça Lassa deja casi vacía la enfermería https://t.co/e8P1mOOJsQ https://t.co/LBbO0DaQog,Neutral
899d4dc0,"@2010MisterChip El fanatismo extremo no les permite disfrutar de lo bello del futbol. Soy del Madrid y apoyo a Cristiano y no dejo de dar gracias por la oportunidad de ver a Messi jugar. No soporto al Barca, pero Dios como juegan. Una bella época en el futbol sobre todo el Español",Positive
d65103b5,LAS PORTADAS DE HOY https://t.co/ZQtynODZRd,Neutral
bb536310,"@DiegoACarranza7 Le encanta la fiesta, póker, IG y su hermana... Les dará más dolores de cabeza. A mi, personalmente me hizo rabiar más de lo que sentí que dió al Barça. 1 año bueno de 4.",Negative
67cfb859,"@Aitor_Cachon @imaetxega Barça o Barcelona, por favor. Gracias.",Neutral
a49afd50,En @ecdeportes: Juanma López: de vender cazadoras en la cantera del Atleti a comprar el Recre por 1€ https://t.co/5fQlvvTqIP,Neutral
421bb4c8,"Hace 17 años, Messi por primera vez se puso la Barça - ESPN https://t.co/WsIFpdCxg1",Neutral
9b82b6ab,@LuisOmarTapia El técnico de fútbol actual... no es una excusa es la realidad.. al Barca lo hacen jugar el jueves vuelo 4 horas y juega el domingo... no son robots son humanos,Negative
abbfb17f,"Candidatos a ganar la UCL 17-18 (07/03/18)

1º Real Madrid, City, Barça
2º Tottenham, Bayern
3º United, Liverpool",Neutral
ab1772b9,"Esto del fútbol es así, te suben y bajan a la vez, según sople el viento y de 0 a a100 de un cohete espacial, decir fiasco a Emery, por perder contra dos equipitos...como Barça y Madrid, con el primero, la vuelta.....y contra el RM no tenía a su máxima estrella..@amaliomoratalla",Neutral
dd705f2b,MERCADO | Los tres jugadores del Barça que Mourinho pretende fichar en verano - https://t.co/neJanOZYMP https://t.co/KPZGQT2pAu,Neutral
4db749f9,"#Deportes Hace 17 años, Messi por primera vez se puso la Barça - ESPN https://t.co/tR5WtyWNXf https://t.co/6FeyBj2mHu",Positive
65b9fa58,"@Toninozzr @jg_dominguez Como todo demagogo, mezcla valores y política. No será Ud del Barça por casualidad?",Negative
9b78b74f,@realmadrid Celebren ahorita por q cuando los agarre el Barça no lo podrán hacer jajajajajajaja,Neutral
c32f0198,"@natxinho @LgangLGang No tienes fe ni nada, en el momento que un club junta todo lo que ha juntado el barcelona lo menos que se puede hablar es de robos al madrid, cuando viendo la eliminatoria de hace un año el arbitro favorecio al barca contra el psg, tambien pasó con el chelsea, que mas quereis?",Neutral
a245b96d,AS - Los jugadores del Barça confiaban en el pase a cuartos del Real Madrid https://t.co/VN70wUITqh,Neutral
b0e5ffac,"DIOS MIO, eres de los puntos mios. Barça y Liverpool. FOLLOW @SirLiverbird",Neutral
f45f4a4e,"Los cuartos de final de esta champions van a estar bellos, tengo 4 opcionados al título Barça, Madrid, Bayern y City, pero ojo con Tottenham y Liverpool",Positive
64088330,"Súbe que te llevo .
quién maneja mi barca...
Que a la deriva me lleva .. en Playa El Palmar https://t.co/6MZ3JhmGBe",Neutral
80e551b5,@joansubi3J Dime un partido bueno de Asensio???? Quitado el del Barça de la súpercopa.... para 3 partidos al año ya tenían a Ozil y mira donde acabó... blfffff,Negative
4ac58654,"@AS_Manolete En el anterior sorteo de Champions, el chollo del #PSG era el que querías para el #Atleti, no?",Negative
506640d9,"@LuisOmarTapia Algunos lo ponen como el mejor DT de la historia y para mí está lejos. Que ""invento"" el Tiki Taka, falso.
El Barça se le cayó al final.
Fracaso en Munich. (Ganar liga y Copa es normal)
Nada con el City en la 1a. temporada (Conte campeón). 
Medianito el Pep...",Negative
f071b6f1,"@FCBarcelona Hola, ¿sería posible saber cuándo estarán a la venta las entradas de Barça-Chelsea? Gracias",Neutral
987d8c86,"@Corredera7 Juegues donde juegues, lo vas a hacer de lujo, el rayo del Atleti Féminas!",Positive
654d05dc,"Please RT!! #barcelona #fcbarcelona #Barca #fcb    Márquez: ?Viendo el vestuario del Barça, lo entiendes.. https://t.co/nxblwP9y94 https://t.co/jBANSszGa1",Positive
1d6504c7,@FCBarcelona cuiden a Messi la puta que los pario!,Negative
a63ff681,#barcelona #visca El Barça Lassa deja casi vacía la enfermería https://t.co/Rpz1VHd8wJ https://t.co/zg18b6raOY,Neutral
312738ee,#Atleti #colchonero Estrellan un coche en la tienda del Wanda y la desvalijan https://t.co/e0j3jNEMAu,Neutral
59ad8190,"@J0merJS1mps0n @sport Correcto, para empezar el día que se vayan los dos....volverán a tener oportunidades de ganar la liga de verdad Valencia y Sevilla (Atleti por supuesto, pero como con el cholo ha estado siempre ahí...otra cosa será cuando se vaya)",Neutral
61110555,@eSports_Barca @LitLegend_77,Neutral
0726a879,No había caído en cuenta pero el Barça está cerca de ganar su 7ma liga de las últimas 10. 7 ligas de 10. El dominio en España del Barça de esta generación es arrollador..,Positive
0adb5dba,LO QUIERE FUERA https://t.co/AnRgAgianZ,Negative
7d2e820f,"@marcmarquez93 @3gerardpique @SergiRoberto10 @JordiAlba @miguelruizfcb @SChecoPerez @FCBarcelona ,Tendré que recuperar todas  mis horas de sueño,que he perdido por un Catalán Anti. Español.
Tú también eres del lazo amarillo.😞? Ufffff . ojalá os dieran  la independencia. Pero primero pagar lo que debéis.",Negative
99ac6c6a,@carlosadar0GD @456_joshua @elchiringuitotv En Champions como nos toque con el barça lo eliminamos,Positive
279e1438,"@Giovannifxf @pilotaipunt Qué vergüenza,solo medio metro tioooo,somos el Barça y podemos poner la varrera donde queramos tioo",Negative
fdc7f7d4,"@ferpulpillo Tal vez estos equipos habrían podido ponerles en apuros de otra forma, por su juego, pero Madrid o Barça les han petrificado por su presencia. Este PSG ha competido bien ante equipos como Chelsea. Ante el Madrid el miedo en el centro del campo era visible, nadie arriesgaba",Neutral
2071cf69,"Tengo la impresión, y a las pruebas me remito, que para este Madrid, el peor rival posible en CL es el Barça y el nivel superlativo que alcanzan Messi o Piqué, muy superiores a su par, en el Bernabéu. Por eso, abogo, si cae el Chelsea, por un clásico en cuartos.",Neutral
f7f97a75,"Si os llamáis DEPORTES CUATRO, es para que habléis de todos los deportes, no que el programa dura 45 min y 30 min son del Madrid o Barça. Hay más deportes además del fútbol. Sino, llamaros Fútbol Cuatro. Imbéciles @DeportesCuatro",Negative
b08d3451,@2010MisterChip Pero si el Madrid se topa al barça con el mejor Messi no tendrían nada que hacer.,Neutral
9a2ca3aa,"@LuisOmarTapia Pandita todos gastan igual no?Si mas  el city pero Mou?  El barca ahorita.  En su momento Bale?Ney?  
Calma tu no eres como la demás prensa",Negative
0b65d9d6,"@IPradio Acaba de perder con Argentinos, empató con Alianza Lima pero podría ser CAMPEÓN Y SUPERAR AL BARCA, LA JUVE Y EL MAN U. Todo muy tranquilo.",Positive
1deb9600,"🎙️Philippe Montanier: ""Dembélé no tiene problemas para soportar la presión pero hay que darle tiempo para que se adapte al fútbol que juega el Barça"".
▶️https://t.co/ZdznxGn1GD https://t.co/BpSa3J5qb5",Neutral
8a0b77db,Ponen al city como candidato a ganar la champions y yo veo antes al Barça o al Madrid antes que a esos,Neutral
11940e1f,"@Los50Atleti Señores de @Wikipedia y de la #Rae si alguna vez deciden hacer un diccionario en el que se definan las palabras con una sola imagen, incluyan la foto de este señor en la de LEYENDA, ya que en la actualidad su uso esta desfigurado.
Grande Jorge Alberto de Mendon¢a
#atleti",Positive
b418d4dc,Luis Suárez advierte: la oferta que saca a un intocable del Barça en verano https://t.co/thbaqV1yAj,Positive
590965b8,"@ImanolStar95 @SaLviTa07 @Cohete_SUAREZ Aqui hay gente que raja del atleti, el problema es cuando se raja de mas, con chuleria y prepotencia y sin ser del equipo, ahi si se larga. Saludos. https://t.co/pzswQJlEx8",Negative
2b7521b7,Alguien sabe si el partido  del barça de hoy lo hacer por otro canal aparte de TV3 ? gracias,Neutral
97cfe823,"Hoy el #RCDE juega la SuperCopa Catalunya. Esta es la cuarta edición, la tercera que se juega, ya que la primera, el equipo catalán, el @FCBarcelona no quiso jugarla con el primer equipo y se suspendió. 
Hoy vuelven a ir con el filial, siguen ninguneando.
https://t.co/sksgpzkWQT",Negative
c1416690,"Al final serà materialment impossible estar d’acord en res amb aquesta dona........Ah no, que és del Barça com jo, però segur que a ella li agrada com juga André Gomes 🙃 https://t.co/WhmmelmAy4",Neutral
137571d2,"... para no cagarse encima. 
""El Madrid está a 17 puntos del líder, eliminado de Copa del Rey contra el Leganés... pero holle, que el Atleti tiene chanchullos al bender ha Carascco y ha Gaitán a un club chino, y puta Leganés"". Es que es patético, joder...",Negative
16c4b8f7,"@DiegoACarranza7 FloPer sabe que el Madrid tiene que renovarse y este año si el Madrid no gana la CL es un fracaso. Año en blanco con esta generación es malo, no, malísimo. Reventará el mercado con Ney y Neymar, lo he dicho mil veces y desde que estaba en el Barça, es un pufo con mucho marketing.",Negative
df0fe972,Siguen cansinos los de la caverna y sus seguidores con l golazo de #Messi..!!😥😥😬😬,Negative
a129f5fe,"@jorgeshrug El barça siempre ha fichado caro y batido records (Maradona, Ronaldo etc) esto es normal cuando hay que revolucionar una plantilla. Lo que yo critico es haber destrozado la cantera y los Digne por 20, Gomes por 50 etc.",Negative
a3ea7e6d,"@memedeportes Para que eso se cumpla, tiene que jugar en el Barça primero",Neutral
ebd04af4,"@SaLviTa07 @KaaWaa_ @Cohete_SUAREZ Tu contrato durará lo que aguantes sin rajar del Atleti. Suerte
Grandessss @KaaWaa_ @SaLviTa07",Neutral
c3b68fb6,"@Gemahurtado_ @realmadrid @xavimartinez Porque es del barca nuestro querido Xavi 😂😂😂.
Me alegro q se equivocara 😂😂",Neutral
0a7482f2,@BodegaAteneo @jordiabogado @hjimenezj @Anfersantos Ya sabes. Ahora el PSG es un truño. Hace 3 meses era el nuevo Barça. Como con los Manchester los últimos años.,Negative
dc6f9c13,"@jpmoreno83 @libertaddigital Y lo mismo hicimos más de la mitad del resto de España, los que somos del Barça  del Atlético  del Athletic  de la Real del Valencia.    Es algo lógico. Al revés pasaría igual.",Neutral
c665f8b1,"Con este Atleti, este Sevilla y la competitividad de equipos como Eibar, Girona o Getafe, Emery no acaba ni octavo.",Negative
e2a985e6,"@SpheraSports ⚽️Lionel Messi
🗣Guardiola
✍🏻 Agustín Lendoiro
🎫 La Catedral de San Mames 
🎽 La Centenaria del Barca.",Neutral
f3cddd34,"@DiogenesAcosta Te esta afectando ver a @jj_villeda todos los días , te estás enfermando ...vacúnate pero YA ! Desperta de ese sueño...Visca Barca",Negative
b619f9d9,"Me pregunto pq en @JugoneslaSexta, @jpedrerol no habla de q el PSG salió sin tensión , sin ganas etc...y dicen q fue el Madrid el q no los dejó,en cambio, el Domingo critican al Atlético por lo mismo q hizo el PSG pero no alaban al Barça por no dejarles jugar",Negative
2c0f9646,Échenos al que sea ... ojalá seas tú puto city o al maricon del barça https://t.co/2LVVbOgHnx,Negative
ebaa0c1d,"@sebastiiaanalv @100mill_de_seg @Bre4KPointX13 @InvictosSomos Es fácil decir que sólo se concentran en champions. Eso antes lo que demuestra es incapacidad de tener seriedad ante las tres competiciones al tiempo. 
El Barça, el bayern piensan siempre en ganar las 3 cosas. Es filosofía de vida.",Neutral
1d15478f,"Sin embargo el balance de Ligas va ser 3-1 para el Barça, el torneo de la regularidad donde pesa más la plantilla que en Champions

Pero para poder seguir con la crítica, asumiendo el discurso de que solo cuenta la Champions

Pd: es súper responsable Paulinho de esos 4 años sí https://t.co/Bya3SxLjmj",Negative
095f8bf3,Oportunidad para Yerry Mina: Jugará como titular del Barça mañana https://t.co/9nGd3ujEUj,Neutral
f2ff6479,"@EsportsRAC1 Jo crec que seran campions, no tenen rival a Europa el Barça no té res a fer contra el Reial Madrid.",Neutral
e3dcf4f7,"Nuestra prensa en lugar de ser la prensa del Barça, es la del PSG y el  Real Madrid, increíble, que les den por viento a los dos equipos y que  les vaya lo peor posible",Negative
11712a26,"@Generaldepie_ Fácil,muy fácil
Tú,quítale al Barça a Leo Mesi
Quítale a Neymar al PSG......
Y los binomios de la cuarta fracción de la suma de sus comandos es equilibrante,o sea,
Igual de igual de lo mismo
Ala.....me he quedao a gusto😂",Neutral
6122ccb4,@MisterSeitan A veces las cosas no se dan porque así es. Es posible que ni Gomes ni Suarez son para el Barca. Les queda muy grande la camiseta. Son para equipos de menos categoría donde existe menos presión para ellos como el Valencia y el Sevilla.,Negative
0ced130b,"@FOXSportsArg Disculpen ... pero esto se ve que es bien rioplatense, por no decir argentino ... Boca 30 % ? Con todo el respeto que me merece Boca, estan 3 goles abajo de la Juve ... y no quiero pensar cuantos abajo del Barca y el City !!!",Neutral
b8ca8387,"@EfrainMoises17 @lparbitrofutbol @Trigueros17 No se han quejado siempre, eh! Ha sido esta semana puntual, por lo menos en el caso del @FCBarcelona_es. Si hubiera ido el @Atleti, el Cholo hubiera dicho lo mismo. Tendrías que preguntarle a Trigueros por qué lo dice y no es el único. Un saludo.",Neutral
b3ff93a8,A tragar que és el Barça. Molt bé @FCF_CAT @andreusubies! https://t.co/zEpOjDCIMh,Positive
ce470782,"El Barça eliminó al PSG remontando un (4-0, nunca visto en la historia) por el árbitro. El Madrid elimina al PSG por la mística, el ADN y su orgullo. Los mismos que han ganado por 1gol en el 93 y otra a penaltis. 
Griezzman falló el penalti y Vidal el suyo por el ADN blanco 😂😂",Negative
aa9fa1ea,"#UCL Pero sí se cumple esa lógica, cada vez con mayor frecuencia, cuando las últimas cuatro temporadas sólo la ganan @realmadrid y/o @FCBarcelona. Extensible a seis de los últimos diez títulos.",Neutral
b2ac7deb,"Ese que se permite a hablarle con desdén a un aficionado de verdad, del equipo de su ciudad, que huele el césped de su estadio cada finde junto a su gente, porque ""su"" Madrid o ""su"" Barca ganan siempre.",Negative
6ec084a4,Héctor Bellerín quiere fichar por el Barça | Mercafutbol - Noticias de rumores y fichajes de fútbol https://t.co/fnZA2jbtX0,Neutral
9c56f145,"Se cumplen 1⃣7⃣ años de que #Messi se vistiera por primera vez de azulgrana.
#Barça
📸vía @brfootball https://t.co/DnxOQJnhbB",Neutral
057eb8df,"@LuisOmarTapia @IkerCasillas @ChampionsLeague el casillas que siempre salía goleado por el Barça, de eso no te acuerdas pinche canoso",Negative
8b8c5ea1,@lluisizquierdo Para que luego quitéis méritos al Atleti del Cholo lo que ha hecho estos años,Positive
ae6284de,@bet365_es Un Madrid vs Barça pero este año los dos equipos que tienen mejor pinta son Manchester City y Barça,Neutral
b564854a,@Atleti https://t.co/LdR9whIDWD,Neutral
dbf2229e,"@DiegoACarranza7 Y si tienes toda la razón ni el mejor Barça pudo, pero ese Barça le daba 10 vueltas al Madrid de la 2016... Ves como son las cosas... Al final no importa si son seguidas o no, al final es la cantidad que se ganan. Habrá que ver cómo termina esta generación y te digo algo...",Neutral
01bf8028,"@Batistuta12 @lparbitrofutbol @Trigueros17 @FCBarcelona_es @Atleti Más motivo, se quejan esta semana solo porque empataron, y Trigueros aprovecho que lo dijese Busquets para decirlo también. Nunca se quejan, ¿a que viene eso ahora? Por eso digo que no es que vivamos en islas desde hace ayer y les fastidie hoy porque si.",Negative
4b793556,@garcia_nick85 Haha el Barca la va a ganar obviamente ❤️ “Gana el que tiene a Messi”,Positive
a7ab3ff6,Gerard Piqué confirma la primera fuga sonada del Barça: está fuera https://t.co/coDRPeKc45,Negative
275e6bbd,"una opinión deja de ser una opinión cuando, oprime/ofende a una persona o a un colectivo hostia, una opinión es decir que para ti el Barça es mejor que el Madrid no decir que los homosexuales no son normales, que sois gilipollas y no es una opinión es una afirmación.",Negative
02ebe878,@rafapuente_espn si se encuentra al Barça hasta ahí llega... saludos rafa,Neutral
63b628f4,@GolCaracol Quería ser el mejor te fuites del barca ahora tienes q esperar otra champions para ver si te las puedes ganar o si ganas el mundial y le veo difícil,Negative
792f042d,"@_SentimentCule No hay que confiarse nunca con ellos por muy mal que estean, pero yo creo que hay varios equipos que lo pueden eliminar a parte del Barça, cómo por ejemplo Bayern o City",Neutral
52510c94,Hoy se cumplen 17 años del debut de Lionel Messi en el Barcelona B. La historia aún no termina... 🇦🇷⚽🔝🇪🇸 #LionelMessi #FCBarcelona https://t.co/nQwgXtzEms,Positive
7de68504,El 14 todos viendo el superclásico. Yo el 14 voy a ver al Barça ⚽🤙,Positive
f07bfa5e,Igual que el Madrid al PSG el Chelsea manda al Barça el Chelsea manda al Barça el Chelsea manda al Barça al carrer,Neutral
ca69933d,"Aquest vespre qui tindrà minuts és Dembélé.
De la situació que viu al Barça en parlem amb Philippe Montanier, entrenador del francès al Stade Rennes: ""Hay que tener paciencia con él porque es muy joven y ha estado lesionado"".
▶️https://t.co/ZdznxGn1GD https://t.co/uF0S04qwnW",Neutral
ac9e7d8a,Y os lo dice alguien que quiere ver a André Gomes lejos del Barça lo antes posible,Negative
df4979ef,@mauriciopedroza el travesti cuando juega contra el Barça se arruga y Messi lo deja de rodillas,Negative
4060db0a,Las redes estallan contra @DaniAlvesD2 por una frase sobre el @PSG_inside https://t.co/m6xizliuy8 #FCBLive #FCB #Barca #UCL https://t.co/eKbSnNwnrr,Neutral
d9fee5a0,@VictorJ_13 Esa foto la subieron cuando el Barça perdió la Supercopa de España 🙄 Ahora calladitos como putas 😂🤣,Negative
5826048d,@_SentimentCule Lamentable.Debemos estar orgullosos de nuestro barca que suda la camiseta toda la temporada en todas las competiciones.Grandes.,Positive
557d37e6,"@isconic Lets face Barca in quarters 
City in Semis
Bayern in finals
And when we lift the trophy no one dares doubt us again",Positive
84f44fff,"@wahou_wahou64 @jg_dominguez Soy más de motos... pero si, del barça. Usted camina mucho por mis tierras? Hoy me he cruzado con 17 críos en pocos minutos. Sólo una se expresaba en catalán, de verdad cree que está en peligro el castellano con la inmersión?",Neutral
273c86fc,"@diablillocule14 @InvictosSomos Hablamos de Cristiano, no? Y si hablamos de robos mira bien los del barca, cuanto se tardaron en marcarles penal? Expulsiones? Hablamos de Cristiano campeón, ahí solo sale dos veces NAJAJJAJAJA si dices que todos regalados",Negative
4451c606,"@AS_Manolete Usted habla de City, Barça, Juve o Tottenham que todavía no han conseguido su pase, y su soberbia considera que van a pasar los 4, que osado, usted es anti-madridista y eso es una enfermedad.",Negative
ce888a4a,"@Atleti_Co Joder menos mal, porque no tiene historia de copas pagadas",Positive
84ce6118,@ViejaEuropa1 Y el barça sin Neymar?,Neutral
e8e0f7fe,"@JeffersonF_10 no jugará mañana ante el @Atleti por los octavos de final de la #EuropaLeague, por seguir con su lesión que contrajo ante Niza en los dieciseisavos del torneo europeo.
Vía: @franztamayo29 
@EntrePortadasEP",Neutral
fd86df76,HORARIOS MUNDIALES para el partido de HOY entre el Barça y el Espanyol en la final de la Supercopa de Cataluña 2018 https://t.co/RLg8CTBHP9 https://t.co/I7dFv2sx8U,Neutral
2b755560,@DarkQuality @Ramon_AlvarezM @FranEterno7 Sisi estoy de acuerdo si yo prefiero a case ademas busquets cuando presionan al barca y lo hacen de correr sufre mucho,Positive
65327268,"@AS_Manolete @lolitolama Manolete, a ver si te das cuenta que el único chollo que ha habido y habrá en la champions es el Atléti...... En Europa no sirve ni pa tacos de escopeta",Negative
ab02d098,"@HectorBellerin no estaría a gusto en el @Arsenal. ¿Oportunidad para el @FCBarcelona?
https://t.co/pcDVJxY1tP https://t.co/RNnky7QwRZ",Neutral
8e851cfa,@Todo_atleti mas vale que lo haga en los partidos que es donde vale,Negative
6a773e80,@AS_Manolete Alves se fue del Barça a la Juve.,Neutral
924a2e25,@MrPortadas Imagínate los que escribe Pedrerol cuando el Barça de folla al Madrid en la razón...,Negative
9b3ae3ef,"Andrés Iniesta, a toda máquina para llegar al Barça-Chelsea https://t.co/mM49GYs5RW",Neutral
84d31e1d,Alguien sabe en que hotel de concentracion se alojara el Barça en Malaga????,Neutral
adcbe909,"@Pirata__Roberts Después de un partido del Madrid de Champions, ¿de qué quieres que se hable? ¿Del liderato incontestable del Barça en Liga o de que está en la final de Copa? ¿Hacemos un especial con los mejores goles del Barça hasta ahora? Todo a gusto vuestro, para que el culé no se queje.",Negative
b7007742,"⚽️🇪🇸| Barça

Se cumplen 17 años del debut del genio, del mejor jugador de la historia, con el infantil B del Barça. 
Lionel Messi. 
😎👑🇦🇷

#FCBlive #Barça #ForçaBarça #FCBarcelona #LaLiga #LeoMessi ⚽️🔴🔵

Vía 📎FCBarcelona_es

https://t.co/AN5kWUSRAU",Positive
a246aab8,💰 MERCADO Los tres jugadores del Barça que Mourinho pretende fichar en verano ⬇️⬇️ https://t.co/o55JLjrCvT,Neutral
1d2b6a9c,@DjMaRiiO_90 Que como no ganen la champions se van a la mierda por payasos.@Atleti el mejor equipo del mundo. Puto @realmadrid,Negative
f9b45721,"@Univ_Deportivo @El_Universal_Mx Yo nomás veo q rompe y rompe records y aun así los medios “serios”, solo se la maman a Messi y al Barça, por que será??? 🤔🤔🤔🤑🤔",Negative
4f9c2151,"Esto del fútbol es así, te suben y bajan a la vez, según sople el viento y de 0 a a100 de un cohete espacial, decir fiasco a Emery, por perder contra dos equipitos...como Barça y Madrid, con el primero, la vuelta.....y contra el RM no tenía a su máxima estrella, pues vale...",Neutral
0299b9ce,"@GallardoX13 @TOTWprediccion Te repito, después de ganar al atleti y quitarles el invicto a la semana siguente no sacamos IF, lo mismo ha pasado con el madrid y con el barça",Neutral
648127fd,"De los 22 jugadores del PSG, de la plantilla de ayer sólo 3 han ganado la UCL. Uno de ellos cuando yo tenía 11 años y tengo 23. Y es motta con el Barça en 2006. Los otros dos di maria y Alves. Los demás estrellas vírgenes sin estilo ni proyecto ante una jerarquía como Madrid.",Negative
a2fd37d8,"@APUESTASMLS @gran_culon @Zona_Blaugrana Entonces..esto,es por el Barça..no esta hablando del Alibaba Bernabéu..no? Aunque ponga Madrid..esta hablando del FCB!?🤔
😂😂😂😂😂😂😂😂😂😂😂😂😂😂😂😂😂😂😂jajajajaja jajajajaja https://t.co/YOSyKSI28g",Neutral
d435b4d9,🔵🔴Hoy se cumplen 17 años del debut oficial de Leo #Messi con el Infantil B del Barça. Mira el #Video que el #FCBarcelona ha entregado para conmemorar .... https://t.co/26ALY4K0vR,Neutral
6cf62190,"@EfrainMoises17 @lparbitrofutbol @Trigueros17 @FCBarcelona_es @Atleti Escucha bien a Sergio Busquets, dice duro pero no por el viaje en sí, sino que regresaron de madrugada y al día siguiente había que entrenar para preparar el partido ante el @Atleti, ellos ya descansaditos y ellos sin apenas un día de descanso. Eso es todo. No hay que sacar mas",Neutral
657de576,"Si tuvierais que fichar a uno para el Barça a quien escogeriais?
- RT @AntoGriezmann 
- MG @PauDybala_JR https://t.co/OLR3gTQP8h",Neutral
1e3d7a91,"@garcijarvar y @scastle1977 no os da un poco de vergüenza que este señor sea del Atleti? a mi me pasa lo mismo con Roncero, periodistas... https://t.co/g94C4ofMXa",Negative
2561acb6,lo que les faltaba para no cuadrar las cuentas en el atleti jaja https://t.co/8z1jrqvV11,Negative
09767c67,"@FOXSportsArg Osea, boca no pudo con argentinos quieren que pueda  con el barca?",Neutral
f3b9c26d,"Estamos preparando un mercadillo  para recaudar  fondos para el viaje a Senegal del proyecto ""Una aldea llamada Wandie"" @WandieAldea . Todavía disponemos de entradas Fila 0 del Concierto Solidario.  Estaremos  en  el AMPA hoy miércoles de 17:15 a 18:15 y  viernes de 17 a 17:30. https://t.co/DweVlBrsMW",Neutral
33b227da,"@PedroHernandz8 Si si pero no todos los partidos, ya verás la próxima vez que juguemos de local, lo de ayer es imperdonable, fallas eso contra Barca o City y estás fuera.",Negative
7f1bf942,"¿Qué es la vida? Un frenesí. ¿ Qué es la vida? Una ilusión, una sombra, una ficción; y el mayor bien es pequeño; que toda la vida es sueño, y los sueños, sueños son. Pedro Calderón de la Barca",Neutral
d646669d,#UEL | Unos 1.300 efectivos velerán mañana por la seguridad en el duelo de la @EuropaLeague que jugarán en el Wanda @Metropolitano el @Atleti y el Lokomotiv de Moscú. #EuropaLeague. https://t.co/bI6FSZzIlD,Neutral
84dceed8,La oportunidad que el Barça le debe a Carles Aleñá https://t.co/ZIklvLINQy,Neutral
ad9dbd75,@DiegoACarranza7 Pues porque en títulos el Barça le supera... Que... La CL es lo único que importa? O podemos decir que el Barça va rumbo a ganar 7 de las últimas 10 ligas. Una puta locura. Copas del rey? Y demás que vienen adicionales. Sigue superándole en títulos.,Positive
527c6635,"@NatachaPena Siempre se ha manejado como un técnico de media tabla y un poquito más, le quedan grande los equipos élites. Y que decir del PSG, vaya papelon, 400 millones para ser equipo candidato y quedarse en unos 4tos de final. Ay Neyyyyy pa que te fuiste del barça. 🤦🏻‍♂️",Neutral
8476e684,@Mariofelipe98 @juande_98 @juancarcalles Ojalá nenes ojalá toque el Barça si yo creo que voy a ir a al Bernabéu y to para rezarle a D7OS,Positive
34a9095a,#MERCADO | Los tres jugadores del Barça que Mourinho pretende fichar en verano | 90 min https://t.co/wL8S7UiHkE,Neutral
59847b1d,"@ruben4roses_atm @imaetxega Que Robin ni que niño muerto, si nosotros no decimos nada. Sois vosotros y vuestra obsesión por el Madrid para variar. Ya se que te fijas en theo o vini jajaja solo haceis eso,  mirarnos sin parar. Este año no se , pero los dos anterirores gasto mas el atleti en fichajes",Negative
9deb6a1f,"@Seezzzy et KDB a dit ""Faites la meme contre le Barca"" mdrr",Neutral
409bf991,@bertopopc @Antonimd @palauresist @Jesus8233 Queda temporada todavía.. Si el Barça gana la liga quién se atreve a echarlo con un doblete.. Insisto el problema no está en el banquillo..sino en los que quieren salir en la foto cuando se gana..,Neutral
b4e05962,@DoctorCule Que les importa y le asegura el balón de oro a CR7 la Champions!! A ver si el Barça puede con el Chelsea que jugamos muy mal la ida,Neutral
65bc35de,@20m @Atleti Joder!! Ya roban hasta mierda!!,Negative
db650713,"Pensar que Tata Martino decía que tenía que jugar por derecha y que Ice Pastore iba a conducir el fútbol de la selección, Sabella jugó para él y Mascherano, hasta hinchas del Barca lo querían por por izquierda al tipo que maneja el fútbol del Barca con Busquets. https://t.co/mUBDDWmDeE",Neutral
52ab1afa,"NO ESTOY PSICOLOGICAMENTE PREPARADO PARA QUE EL BARÇA DEJE ARAFUE AL CHELSEA. 😔💙
#UCL",Negative
6cc24cb7,@FCBarcelona Lo máximo,Neutral
85fb474e,"Ay en serio todavía los ateos en acción y súper pro gays, que aburrimiento. Dejaré esta red social unos días, volveré cuando juegue el Barça",Neutral
90e16e66,@AS_Manolete Y con el atleti podemos soñar otra vez? ese no lo has incluido en los miuras 😳😳😳😳😳😳😳😳😳😳😳😳,Neutral
1450702b,Ahhhh claro que es del Atleti https://t.co/xm4PU8C9jl,Negative
905ac82b,Su primer y último gol con el Barça https://t.co/MPLV5fZoLm,Neutral
2dc9f33a,@miguelfar07 @DanLens Yo del Barca me quedaría con Rakitic... es lindo y así de rubio más,Positive
2059eff6,"ANQUELA ha sido sancionado con 2 PARTIDOS por su expulsión ante el Barça B. 
#Liga123 #RealOviedo https://t.co/myM7oxtfDA",Neutral
7c34b338,@PepeKollins Estas cosas me recuerdan una frase genial que no sé quién dijo primero. En los últimos 20 años el gran dominador de Europa es el Barça con 4 Champions. Le sigue de lejos el Madrid con 6.,Neutral
5fdbcc7d,@YihadAtletica @xavismo Esta solo y creo que nuevamente el Barça no podrá alzar la orejona,Negative
b6904d39,"@Messivomita_ EL MEJOR JAJAJAJAJAJAJJA POR ESO ESTAÍS EN LIGA A 15 PUNTOS DEL BARCA, ELIMINADOS DE LA COPA POR EL LEGANES AJAJJJAJA. SOLO JUEGAN LA CHAMPIONS QUE VERGUENZA COBRANDO MILLONES POR JUGAR 9 PARTIDOS. A LOS SOCIOS DEL MADRID LOS JUGADORES LES TOMAN POR TONTOS. JAJAJAJAJ https://t.co/cEI9TDO5Cl",Negative
83663df3,"A todos esos de la caverna que me escriben. No es por ser prepotente, pero les digo que el Barça va de 1ro, ni se a cuantos puntos del 3ro, finalista de copa y en vísperas de 4tos. En champions. Ahhh y se llevaron 3 en el bernaLeo. A MAMAR.",Negative
140ddce2,"@Albiazules @DWunderkammern @recreoficial @AytoHuelva Es el titular fácil. No se preocupan de leer la letra pequeña. Claro, dedican tanto tpo a Madrid y Barça q para q se van a infornar",Negative
69ac1365,MERCADO | Los tres jugadores del Barça que Mourinho pretende fichar en verano https://t.co/Pb6DghkBa1,Neutral
cf792cc8,Un inglés en el Barça 29 años después de Gary Lineker https://t.co/p2iL1pIKbM https://t.co/ARuCnGSVRo,Neutral
e4559e4f,@cofitin El Atleti? O Emery?. Los primeros esperando que tiren a puerta. El segundo estara sin equipo. O en el Almeria o Lorca.,Negative
a47a2f43,@bedumo @EstebanMqzG2 Que se lo digan al Barça que después de muchos penaltis sin pitar (en unos años) le pitan uno que no es,Neutral
0965561f,Please RT!! #barcelona #fcbarcelona #Barca #fcb    La esposa de Rosell: ?No me ha fallado nadie? https://t.co/xdfEymbtte https://t.co/OLXCmv4dGv,Neutral
78572ad3,"EL DOMINGO VIAJAMOS para ver a nuestro @Atleti 

Salimos a las 12, ¿te quieres venir?

Cuenca -&gt; Madrid y plaza en el @Metropolitano 

¡Escríbenos hoy o mañana para apuntarte!

Mañana también vamos pero... ¡EL AUTOBÚS YA ESTÁ LLENO!

#AtletiLokomotiv",Positive
c8beb317,"En la semana de los ""Óscar de Messi"" por marcar un gol de falta con la barrera a 11.15 m, Cristiano ha marcado 3 goles en en 2 exhibiciones. La de Paris para la historia...

El solo lleva 2 goles más que todo el Barça en la UCL y ha intervenido en el 77% de los goles del RM.",Neutral
f2dd25f2,"posible 11 del Barça hoy vs Espanyol 

me gusta mucho ,  Andre en su sitio natural y minutos para Denis Dembele y Paco para coger ritmo .

con ganas de verlo :) https://t.co/wo0kFMbTV6",Positive
b4d4f78f,"Barça 4-0 Bayern
Barça 3-0 Bayern
Barça 5-0 Bayern.

Barça con messi lesionado y sin 5 titulares ,0-7.
ya veo jajajajajaja.
4+3+5= 12 -7 😂😂😂 https://t.co/dCbaLQQ6XR",Neutral
e2e83809,"@SpheraSports ⚽️ Messi
🗣 Johan Cruyff
✍ Joan Laporta
🏟 Anfield
🎽 Barça 05-06 O 14-15 y Milán 2017-2018",Neutral
e9895b06,@GiuStyleHD Siento que va hacer el caballo negro creo que puede llegar hasta las semis. Saludos,Neutral
56635c83,Abrirán otra vez la taquilla para las entradas del Barça vs Chelsea?@FCBarcelona_es  😭,Negative
9072ea75,"[#EMPLEO] Trabaja en una empresa cuya misión es la fabricación de medicinas que salvan la vida a millones de personas. Tus responsabilidades en el puesto serán las de conducir las líneas de acondicionamiento, entre otras. ¿Interesad@? ¡Aplica! ▶️ https://t.co/7I58Ulgczk https://t.co/OwRHai5OWh",Neutral
5ac00d2e,Barça. https://t.co/gODgMhub9A,Neutral
38d597a2,"un dia como hoy hace 17 años, un tipo que se llamaba Lionel Messi o algo asi, debutaba en en Barca B",Positive
00be7c82,"Arthur, muy cerca del Barça
https://t.co/rjbda8novl
#Barcelona 
#Gremio
#LaLiga https://t.co/KAjccaUq5p",Neutral
83633fcb,@BD_ESPN Ese es un equipo mediocre que no es para #Champions que gane la #Liga y la #CopadeFrancia mas nada y que el árabe que siga gastando millones y millones de los verde 💵💲💲💲💰💰💰💰 que nada le sirve el único puede ser #Messi y ese no se vende 😀⚽🏆👍,Negative
13a24f43,@memescastilla @AsturianMemes ¿por qué @Espball va en una barca y en mitad del mar?,Neutral
714db938,@Mariofelipe98 @juancarcalles JAJAJAJAJAJAJAJAJAJAJAJAJAJAJAJAJAJAJAJAJAJAJAJAJAJAJAJAJAJAJAJAJAJAJAJAJAJAJAJAJAJAJA que no que no hacerme caso que yo al rival que más quiero follar ahora es al farça perdón Barça 😂,Neutral
37d98002,"@AS_Manolete Si una lastima que no esté el @Atleti , ya será otro año.",Neutral
e445ceae,@FCBarcelona El mejor del mundo👌😎,Positive
410a03e1,@D10SFCB_ @ElBarselono El mejor equipo del mundo es el más laureado. Según la Fifa el mejor del siglo XX es el Real Madrid. Y hasta que tenga el Barça 12 Champions os queda mucho q pedalear! Ánimo! https://t.co/i8Pgc8KPgX,Neutral
ac266338,"@PolloSchoenig @noseasmalotv quien no ve fútbol sos vos porque cavani no le hace un gol a nadie 
frente al real Madrid le hizo un gol de pedo  el barca jugaba mal defendía como el culo en los últimos partidos cavani juega mal seamos realista 
y sácate la camiseta",Negative
a7e500b7,"Foto a lo #Messi.

@futbol_fantasy 

Así celebro cuando hago una buena jornada en @biwenger . https://t.co/8MgnC9rLPK",Positive
95cb2737,@Futbolman10 Leí en un portal BR que había paso reconocimiento médico si es problema  de dinero el Barça y sus errores negociando es algo lógico que Gremio te vaya a pedir parte del pago ahora para amarrar su negocio dejar tirado a un jugador que a dicho abiertamente que quiere ir al Barça,Neutral
b8c3b97d,"Dimitri Chéryshev, exjugador del Sporting, analiza al Lokomotiv, que mañana se mide al @Atleti . Dimitri es el padre de Denis @Cheryshev que ahora juega en el Villarreal. ""Creo que el Atlético ganará mínimo por dos goles""
AUDIO PODCAST 🎧🎤
 https://t.co/3YczlhdiUt",Neutral
d4d95586,@kike_mateu @TDescuentoValen El que no aplica el Fair play al Madrid o Barça? El que permite competir a SA contra no SA?,Neutral
4c5c5bf3,"17 años del debut de Messi con el Barça
El argentino con 13 años disputó su primer partido con el Infantil B del Barça y marcó su primer gol
https://t.co/WPEsuHNNn2",Positive
c0bb5c50,Me gustaría decirle a la @FCF_CAT que el partido de la Super Copa catalana debería ser los dos equipos más fuertes. #FCBarcelona y #Girona. El español no pinta nada en este partido. #SupercopaCAT,Negative
b9f0f4e6,"@AntiRMadridGT @JeanRonaldo6 @gvenezuela1986 @2010MisterChip Robo al bayern? 
Robi al atleti?
Yo creo que lo único que nos pito fue un fuera de juego justo así que robi.. Y al bayern ni se que robo dices jaj",Negative
1d058b14,"Se te ve hoy más contento que de normal, Josep. Pero tú, ¿no eras del Barça? #JUGONED",Neutral
d9e353d4,"@FranHerrera96 @titomartin67 @granky80 @chano_suarex Gente muy ingrata e injusta con el equipo! En deporte puede pasar d todo. El equipo q me apasiona es el q me llena de alegría como ante Valencia, pero tb el q me lo hace pasar mal como ayer. Claro que me gustarían títulos, pero si ese es el único objetivo, recomiendo RM o Barça!",Neutral
cbe72844,Me ha gustado un vídeo de @YouTube (https://t.co/f52V3WNuX5 - Noche de emociones en la remontada histórica del Barça).,Positive
cdcd8291,"2.- Correspondencia de un náufrago. Jugamos todos o no juega nadie, por @ibenedettip / 3.- Las conmociones cerebrales en el fútbol, por @iLoles / 4.- Grandes maestros: Laureano Ruiz, el abuelo del Barça, por @martiperarnau https://t.co/i7rqS0ltsK",Neutral
e279cab0,@bezares24 Y cada vez que preguntaba el Barça por Marquinhos pedían 70 kilos!! Que poca vergüenza 😂😂😂😂,Negative
7740fed9,"Han hecho un alunizaje en la tienda del @Atleti en el @Metropolitano y han robado entradas y otras cosas. Eso si, podéis estar tranquilos que la zona de las champions se ha quedado intacta 😂😂",Neutral
552f3209,Iniesta inicia su plan en la Ciutat Esportiva para llegar al Barça-Chelsea @mundodeportivo https://t.co/KtYJpjFTIM,Neutral
ab2b07b4,@_SentimentCule Y supuestamente @jpedrerol  le va al barca !! Es tan obvio que los partidos del barca le busca hasta el más mínimo error y al madrid siempre gana bien ! Lamentable !!,Negative
eaff88b8,Ya sabemos que te vas al Barça — CÁLLATE eso es re falso https://t.co/WWTuTF7P3Z,Negative
319e9077,"@8Colla Bua, amb el partidet de ahir... ni pel B... nomes perdia pilotes... cap jugador del barça te % de perdre pilotes com ahir Verratti...",Negative
80359546,@Messivomita_ HABER TONTITO MAS MERITO TIENE GANAR LA LIGA QUE SON 38 PARTIDOS Y ME PARECE QUE EL BARCA LLEVA 5  EN 8 AÑOS Y ESTE AÑO CAE LA 6. LA CHAMPIONS SON SOLO 7 PARTIDOS E INFLUYE MUCHO LOS ARBITRAJES. https://t.co/7awDM2baPj,Negative
faaa5621,"Así quedo la encuestita que hicimos ayer, en caso de que Iniesta no se recupere a tiempo para jugar contra Chelsea.
Si jugara Ousmane Dembelé como dice la mayoría, me parece que #Messi podría jugar en MC y adelante #Dembelé y #Suarez, es solo mi humilde opinión como aficionado.🤔 https://t.co/AvFFarhLaU",Neutral
a5b4e015,"⚽ El valler César Ferrando és el nou entrenador de @cfnucia. Anteriorment ha entrenat a @Atleti @AlbaceteBPSAD @Academia_VCF @GandiaCF i, com no, @UETavernes. Competirà contra altre ilustre valler que ocupa la banqueta del @SillaCF: Ximo Enguix. #ValldignaEsports https://t.co/AwmNQwDYuT",Neutral
7d07463e,"#Deportes ➡️ Hace 17 años, Messi por primera vez se puso la del Barça: El club blaugrana publicó un video muy especial para celebrar los primeros pasos de Lionel en la institución catalana Hace 17 años, Lionel Messi comenzaba a hacer de… https://t.co/xFHPdToMsd ⬅️ #Entérate https://t.co/kXksLJEK3i",Positive
ebe5a55d,"@Ovaciondigital Era hora, con un técnico que no aspira a nada, tiene miedo. El año pasado el barca tenia que hacerle 5 goles, pues le hizo 5. Este año partido de ida iban 1 a 1 y a los 65 saca a @ECavaniOfficial . Es técnico para cuadros chicos.",Neutral
7ca40d8f,"@alexcruzrod @johnhahumada @LuisOmarTapia Otro Madridista , a ver , en el Bayern hizo lo que no pudo Ancceloti , en el Barca ganó todo , y en el Citi con su mejor liga de la historia . Si solo fuera cuestión de dinero Emery habría eliminado al Madrid .",Negative
88eebef6,@marca se le viene bayern barca y madrid y ya esta adelantando las excusas muy inteligente señor pep,Negative
4e66596d,"Desde la dirección hasta los actores el vídeo de The less i know the better está hecho por catalanes. Visca Barça, joder.",Positive
b8aadf56,@ElGolazoDeGol Ya ha jugado el Barça? ... un poco más de respeto a los demás clubs y más a un grande de Inglaterra @ElGolazoDeGol,Neutral
58f68411,"@LuisOmarTapia Y con él barca gano lo que quiso papi, salió del closet un madridista frustrado y anciano.",Negative
054bbd98,"Desde la llegada de Nasser Al-Khelaifi al PSG 🇨🇵 ha gastado US$ 1.156 millones 💸 todo para ganar champions 🏆
No pasó 4tos.

13/14 vs Barca ❌
14/15 vs Chelsea ❌
15/16 vs Man City ❌
16/17 vs Barca ❌
17/18 vs R. Madrid ❌

#Fail https://t.co/ZzMuNNs6tW",Negative
5c9a7e0e,"@AS_Manolete Ahora es un chollo ? Si lo gana el atleti es un ekipazo, pero vuestra envidia os lleva a quitarle meritos",Negative
6f4ddb0a,"@RayasRB @FCBarcelona_es @realmadrid @Simeone @Atleti @manuelbriasbarr @Pepepasques @vanpiuroboros Solo ha conseguido 5 tristes copas desde que llegó, entre ellas una liga el año que el Madrid fichó a Bale y el Barsa a Neymar, gastándose el presupuesto del Atlético de Madrid de aquel mismo año.
Que cosas 😎👍🏻🔝🔝🔝🔝🔝 https://t.co/aggTuYuEgm",Positive
3e5c85b8,@luissuazo_ @AdrySentinel @2010MisterChip @Cas_RM Contra un barça en estado de shock por la salida de Neymar y un delofeu en ataque e intrascendente,Neutral
83061bb4,@AS_Manolete No me había enterado de que el  Barça ya está clasificado. Gracias por la información. ¿Cómo quedó el partido de vuelta?,Neutral
96ee84f5,"@mundodeportivo A nivel? Vamos Matt!! No deja de ser un equipo de la ligue 1 francesa... no hablamos de un Man united, barca o realma.. yo creo que el problema en el psg es que faltan mas de un jugador que meta garra en ese tipo de partidos..",Negative
d8608717,@Kano_8_ No tengo ningún  problema en que pasen otro verano pidiéndolo como El Salvador del Barça.,Neutral
12492f86,"@FCBarcelona algunos llorando por que no tienen tiempo para descansar, les pediría que viviesen un poco en el mundo de la gente normal aquella que se lava la ropa hace la comida y va a trabajar, por supuesto con sueldos normales y corrientes #sinolodigoreviento #behumble",Negative
19f305a3,"@CriterioCule Con tu último tuit me cagaría una final así, imagínate pero si pasa pues creo que sería un golpe generacional, quién sabe al final sí en todos estos años el Barca demuestra mejor fútbol aunque hoy es un poco opaco en fin a ver qué pasa. Me parece tu último tuit.",Negative
f011a2cb,"@_Rubenigga @UnIndioAtletico Cómo en casa, en ningún sitio. Cada vez te echo más de menos. Hay muchos que ya están atiborrados de ""caviar"" y no se dan cuenta que ser del ATLETI, es no para de luchar y no bajar los brazos...",Neutral
e11d042d,"¡OFICIAL!

#Juan #Cazares 🇪🇨 renueva con el #Atlético #Mineiro 🇧🇷 #FichajesYa 👁‍🗨

Mira la noticia completa aquí 👇
https://t.co/cGOGXtfchD",Neutral
ab2cf490,@migueljr_5 @elchiringuitotv Si los de Madrid hacen lo mismo con el Barça muchas veces 😂,Neutral
a013d119,"El inicio de una historia fuera de este mundo 👾

Hace 17 años Messi estrenaba los colores del Barcelona 

🔵🔴

https://t.co/EgIqiXPNj3 https://t.co/zL2YxmLEH8",Positive
ed6f210d,"@MarinaOrti 😂😂😂😂 lo del barça si fue la locura, o el robo del siglo????",Negative
f8f3bd8c,"@CriterioCule La Copa del Rey coge valor si enfrentas en finales al Atleti o Barca, las Ligas es un tema que me duele pero con las UCLs ni el mejor Barca de la historia gano dos seguidas. Ganó 2 en 4 años, el Madrid 3. Con el tema de Messi y CR como te digo me da pena ajena que sólo 1/2...",Neutral
